uid;type;request
2ec2f3dc;GET;/v1/assets
1ebb3c68;GET;/v1/assets
d9c5a7c5;GET;/v1/assets
55fe82eb;GET;/v1/assets
68012c5a;GET;/v1/assets
8b47b47a;GET;/v1/assets
f52e73ae;GET;/v1/assets
bb67421d;GET;/v1/assets
e4d8c956;GET;/v1/assets
58f2bb7f;GET;/v1/assets
9a573132;GET;/v1/assets
2f2534ba;GET;/v1/assets
eaf4ff3a;GET;/v1/assets
9aaff5b7;GET;/v1/assets
7803510d;GET;/v1/assets
55de579c;GET;/v1/assets
1737518c;GET;/v1/assets
344ba99e;GET;/v1/assets
f0fa525b;GET;/v1/assets
4439c9f7;GET;/v1/assets
0ae170e2;GET;/v1/assets
348f561b;GET;/v1/assets
3d8fb73a;GET;/v1/assets
79394fb5;GET;/v1/assets
52c950c3;GET;/v1/assets
b716dcb3;GET;/v1/assets
4bb44574;GET;/v1/assets
72fee7f5;GET;/v1/assets
b2d1f5f3;GET;/v1/assets
54226450;GET;/v1/assets
07df4bb8;GET;/v1/assets
19c2fdf6;GET;/v1/assets
f2188934;GET;/v1/assets
f33706ac;GET;/v1/assets
d603f6eb;GET;/v1/assets
b87ce810;GET;/v1/assets
4ee7f891;GET;/v1/assets
b5b894ea;GET;/v1/assets
780c3540;GET;/v1/assets
fcb43735;GET;/v1/assets
59945208;GET;/v1/assets
4043971a;GET;/v1/assets
990b1bdd;GET;/v1/assets
87d296b3;GET;/v1/assets
5f6cc288;GET;/v1/assets
6007f24f;GET;/v1/assets
aacdce6f;GET;/v1/assets
d4ece9ae;GET;/v1/assets
02a44635;GET;/v1/assets
29e42f5c;GET;/v1/assets
bf1a9c03;GET;/v1/assets
b5ece83d;GET;/v1/assets
09db9fa9;GET;/v1/assets
03504aa4;GET;/v1/assets
4243cb12;GET;/v1/assets
730e98b5;GET;/v1/assets
2f9ee060;GET;/v1/assets
1f4a7df3;GET;/v1/assets
658fbb91;GET;/v1/assets
14af2851;GET;/v1/assets
8ee6ae05;GET;/v1/assets
6dd90b76;GET;/v1/assets
1bde7410;GET;/v1/assets
ae887b10;GET;/v1/assets
4e8c3b61;GET;/v1/assets
cc5c80da;GET;/v1/assets
5e608e5d;GET;/v1/assets
b242f24a;GET;/v1/assets
930208e9;GET;/v1/assets
ab128a5c;GET;/v1/assets
6f2eb3d2;GET;/v1/assets
ce32889f;GET;/v1/assets
d4724bdc;GET;/v1/assets
a43bed07;GET;/v1/assets
192d0519;GET;/v1/assets
39c4c68c;GET;/v1/assets
ddf34b0f;GET;/v1/assets
af2d2b12;GET;/v1/assets
6ecc19a2;GET;/v1/assets
ac5224b1;GET;/v1/assets
07752fe1;GET;/v1/assets
ed7fea29;GET;/v1/assets
81b32b07;GET;/v1/assets
45881474;GET;/v1/assets
333f0f03;GET;/v1/assets
a9af8de0;GET;/v1/assets
4f202e8f;GET;/v1/assets
1c10b6a1;GET;/v1/assets
834d3ee8;GET;/v1/assets
c95c21dc;GET;/v1/assets
4b785a00;GET;/v1/assets
3f7f1331;GET;/v1/assets
6f3f996a;GET;/v1/assets
dcf9ac7f;GET;/v1/assets
aba7c8d9;GET;/v1/assets
6b8a0847;GET;/v1/assets
aae238ea;GET;/v1/assets
80e08357;GET;/v1/assets
3ca82a95;GET;/v1/assets
53e222d7;GET;/v1/assets
3837cf28;GET;/v1/assets
fe51939f;GET;/v1/assets
d87af605;GET;/v1/assets
880f39eb;GET;/v1/assets
5aee8142;GET;/v1/assets
f7a8b0ca;GET;/v1/assets
cf94d5bc;GET;/v1/assets
bf227d11;GET;/v1/assets
f467aed4;GET;/v1/assets
84f6f18d;GET;/v1/assets
a8ff3dcc;GET;/v1/assets
21ace9a1;GET;/v1/assets
23a44fcd;GET;/v1/assets
5f1fb5b1;GET;/v1/assets
2c3f20f6;GET;/v1/assets
8b4e2b55;GET;/v1/assets
c0bd0eab;GET;/v1/assets
17b6e0ea;GET;/v1/assets
f6419f11;GET;/v1/assets
1f2d22d4;GET;/v1/assets
82e5b045;GET;/v1/assets
ba66b0e4;GET;/v1/assets
812c7ef9;GET;/v1/assets
c3098930;GET;/v1/assets
2ffcbe12;GET;/v1/assets
5e94d76b;GET;/v1/assets
435d76c2;GET;/v1/assets
f52edbe7;GET;/v1/assets
2186ffdd;GET;/v1/assets
5f143fcd;GET;/v1/assets
1606f5c4;GET;/v1/assets
7c83e487;GET;/v1/assets
897d83b7;GET;/v1/assets
7d919a6c;GET;/v1/assets
79704f61;GET;/v1/assets
696b847e;GET;/v1/assets
c552bec9;GET;/v1/assets
6e79789d;GET;/v1/assets
84af6941;GET;/v1/assets
5c130f34;GET;/v1/assets
6529c756;GET;/v1/assets
a8651c81;GET;/v1/assets
14cea1ff;GET;/v1/assets
ff333ed6;GET;/v1/assets
ccbe769a;GET;/v1/assets
19ce57dd;GET;/v1/assets
7b7a8ee6;GET;/v1/assets
821a7b84;GET;/v1/assets
4344d6b6;GET;/v1/assets
a93596ff;GET;/v1/assets
31e3f1f3;GET;/v1/assets
922e60f0;GET;/v1/assets
9680fe59;GET;/v1/assets
0fa2f355;GET;/v1/assets
aed3a66d;GET;/v1/assets
9ef31034;GET;/v1/assets
f0900340;GET;/v1/assets
d5139322;GET;/v1/assets
c09ba88a;GET;/v1/assets
59757eac;GET;/v1/assets
11c31380;GET;/v1/assets
05a38e46;GET;/v1/assets
c4bdb01d;GET;/v1/assets
a1559d9c;GET;/v1/assets
06e7d92b;GET;/v1/assets
2cc144f2;GET;/v1/assets
8b85569f;GET;/v1/assets
efcd0f96;GET;/v1/assets
1ecb7b73;GET;/v1/assets
9c96dd7f;GET;/v1/assets
d7abce8f;GET;/v1/assets
462c7d30;GET;/v1/assets
299d52e3;GET;/v1/assets
54729ac5;GET;/v1/assets
d45ab0a2;GET;/v1/assets
983f475d;GET;/v1/assets
97836324;GET;/v1/assets
cf0f39e1;GET;/v1/assets
486d329b;GET;/v1/assets
0d49aa70;GET;/v1/assets
ac52ade8;GET;/v1/assets
740a59e1;GET;/v1/assets
2fe01a6f;GET;/v1/assets
5cf3d717;GET;/v1/assets
50676b02;GET;/v1/assets
0af7b9ef;GET;/v1/assets
1221ddae;GET;/v1/assets
eb2f6bb2;GET;/v1/assets
b9177d29;GET;/v1/assets
73eee6fb;GET;/v1/assets
457b7cdd;GET;/v1/assets
5de1326d;GET;/v1/assets
ba0202a0;GET;/v1/assets
9518cfc9;GET;/v1/assets
4918e680;GET;/v1/assets
d99afa29;GET;/v1/assets
5426bfff;GET;/v1/assets
153d1eea;GET;/v1/assets
ccf3bcbc;GET;/v1/assets
fb8825c1;GET;/v1/assets
a96aeb52;GET;/v1/assets
be77bf46;GET;/v1/assets
a3b79bb9;GET;/v1/assets
664e51ef;GET;/v1/assets
87b95769;GET;/v1/assets
ec79d3e4;GET;/v1/assets
40ca2ceb;GET;/v1/assets
fffdd432;GET;/v1/assets
7ea13b5d;GET;/v1/assets
2b6ae7d7;GET;/v1/assets
d3cc5e59;GET;/v1/assets
492347c6;GET;/v1/assets
0a2c45d9;GET;/v1/assets
dfb34737;GET;/v1/assets
2a6d78e0;GET;/v1/assets
2d531ff8;GET;/v1/assets
8331bffe;GET;/v1/assets
8cade85e;GET;/v1/assets
3eb5a95b;GET;/v1/assets
6646a322;GET;/v1/assets
5034cd19;GET;/v1/assets
ac5433ae;GET;/v1/assets
fc996e05;GET;/v1/assets
3b1dbe0f;GET;/v1/assets
c2618ea5;GET;/v1/assets
7d6dec3b;GET;/v1/assets
5445b92c;GET;/v1/assets
c9559e72;GET;/v1/assets
0b841da3;GET;/v1/assets
738e0f3c;GET;/v1/assets
1d224cf9;GET;/v1/assets
f89b8078;GET;/v1/assets
e4bcea43;GET;/v1/assets
236082b9;GET;/v1/assets
420e4c48;GET;/v1/assets
7773a05f;GET;/v1/assets
3415c89c;GET;/v1/assets
395d95f8;GET;/v1/assets
2bfd8e2f;GET;/v1/assets
6312aebb;GET;/v1/assets
b659f185;GET;/v1/assets
e1b1c5f2;GET;/v1/assets
d997e8a3;GET;/v1/assets
d9e133ed;GET;/v1/assets
20be9427;GET;/v1/assets
96d0ca69;GET;/v1/assets
cfac203a;GET;/v1/assets
d5c4da63;GET;/v1/assets
3e153232;GET;/v1/assets
24d6716a;GET;/v1/assets
d68529a8;GET;/v1/assets
9bf74989;GET;/v1/assets
e529be3a;GET;/v1/assets
cdddc7b9;GET;/v1/assets
038347e7;GET;/v1/assets
93e76bfb;GET;/v1/assets
8f82415a;GET;/v1/assets
d2f930bd;GET;/v1/assets
f7edfb2d;GET;/v1/assets
9b9184ad;GET;/v1/assets
78c2f8ca;GET;/v1/assets
8f4763bd;GET;/v1/assets
c3825d38;GET;/v1/assets
678e0118;GET;/v1/assets
560662a0;GET;/v1/assets
8e1e503d;GET;/v1/assets
35aaca0e;GET;/v1/assets
382d6a48;GET;/v1/assets
eb78105f;GET;/v1/assets
cd562f14;GET;/v1/assets
d9db8e7c;GET;/v1/assets
5b592bfe;GET;/v1/assets
dcef2cd6;GET;/v1/assets
b4608c1f;GET;/v1/assets
001841be;GET;/v1/assets
e9b61d35;GET;/v1/assets
7710a714;GET;/v1/assets
05e3a907;GET;/v1/assets
72163924;GET;/v1/assets
691fb74f;GET;/v1/assets
7369cebb;GET;/v1/assets
af8e543f;GET;/v1/assets
17947b10;GET;/v1/assets
23f44b04;GET;/v1/assets
a4100f30;GET;/v1/assets
6092fc9c;GET;/v1/assets
62973db2;GET;/v1/assets
18896f3a;GET;/v1/assets
58ef899c;GET;/v1/assets
f279b894;GET;/v1/assets
710e0998;GET;/v1/assets
e1ed05ae;GET;/v1/assets
db1632da;GET;/v1/assets
fcb88b61;GET;/v1/assets
058c7345;GET;/v1/assets
7559a0ec;GET;/v1/assets
da741d46;GET;/v1/assets
02e90cc8;GET;/v1/assets
08112b6f;GET;/v1/assets
4506a0be;GET;/v1/assets
d6c87d70;GET;/v1/assets
3baf539a;GET;/v1/assets
1a06806c;GET;/v1/assets
c9faa3dd;GET;/v1/assets
3d5dc245;GET;/v1/assets
7e13fc76;GET;/v1/assets
70fa0402;GET;/v1/assets
70e94a3d;GET;/v1/assets
1b52f2db;GET;/v1/assets
f65a5398;GET;/v1/assets
35d55ba9;GET;/v1/assets
add102b6;GET;/v1/assets
7a1ec4da;GET;/v1/assets
95d0d953;GET;/v1/assets
6eee5bdc;GET;/v1/assets
37104a1d;GET;/v1/assets
166df266;GET;/v1/assets
d3d0fdf6;GET;/v1/assets
78676206;GET;/v1/assets
2342d1ee;GET;/v1/assets
71fef0c1;GET;/v1/assets
